Issue Type,Issue key,Issue id,Summary,Assignee,Reporter,Priority,Status,Resolution,Created,Updated,Due Date
Bug,HADOOP-803,12358081,Reducing memory consumption on Namenode : Part 1,rangadi,rangadi,Major,Closed,Fixed,08/Dec/06 00:45,08/Jul/09 16:42,
Bug,HADOOP-802,12358080,mapred.speculative.execution description in hadoop-defauls.xml is not complete,nidaley,nidaley,Trivial,Closed,Fixed,08/Dec/06 00:37,05/Jan/07 23:22,
Bug,HADOOP-795,12358050,hdfs -cp /a/b/c  /x/y    acts like   hdfs -cp /a/b/c/*   /x/y,mahadev,arkady,Minor,Resolved,Fixed,07/Dec/06 19:09,08/Jul/09 16:42,
Bug,HADOOP-794,12358046,JobTracker crashes with ArithmeticException,omalley,nidaley,Major,Closed,Fixed,07/Dec/06 18:28,08/Jul/09 16:52,
Bug,HADOOP-792,12357975,Invalid dfs -mv can trash your entire dfs,,schmed,Major,Closed,Fixed,07/Dec/06 05:27,05/Jan/07 23:22,
Bug,HADOOP-791,12357973,deadlock issue in taskstracker.,mahadev,mahadev,Major,Closed,Fixed,07/Dec/06 04:37,08/Jul/09 16:52,
Bug,HADOOP-787,12357931,job tracker should limit the number of completed/failed jobs in RAM,acmurthy,omalley,Major,Closed,Fixed,06/Dec/06 19:44,08/Jul/09 16:52,
Bug,HADOOP-786,12357879,PhasedFileSystem should use debug level log for ignored exception.,sanjay.dahiya,sanjay.dahiya,Trivial,Closed,Fixed,06/Dec/06 12:10,08/Jul/09 16:52,
Bug,HADOOP-784,12357856,In caching if localizing the cache throws out an error sometimes the task failure is not updated,mahadev,mahadev,Minor,Closed,Fixed,06/Dec/06 05:52,08/Jul/09 16:52,
Bug,HADOOP-782,12357807,"TaskTracker.java:killOverflowingTasks & TaskTracker.java:markUnresponsiveTasks only put the tip in tasksToCleanup queue, they don't update the runningJobs",acmurthy,acmurthy,Major,Closed,Fixed,05/Dec/06 18:35,08/Jul/09 16:52,
Bug,HADOOP-781,12357797,Remove from trunk things deprecated in 0.10 branch.,cutting,cutting,Major,Closed,Fixed,05/Dec/06 17:08,03/Feb/07 03:23,
Bug,HADOOP-780,12357791,ReduceTask.ValueIterator should apply job configuration to Configurable values,ab,ab,Major,Closed,Fixed,05/Dec/06 16:25,08/Jul/09 16:52,
Bug,HADOOP-779,12357720,Hadoop streaming does not work with gzipped input,hairong,hairong,Major,Closed,Fixed,04/Dec/06 23:42,08/Jul/09 17:05,
Bug,HADOOP-777,12357565,the tasktracker hostname is not fully qualified,mahadev,mahadev,Minor,Closed,Fixed,03/Dec/06 18:33,05/Jan/07 23:22,
Bug,HADOOP-776,12357549,Task failed with java.io.IOException: No valid local directories in property: dfs.client.buffer.dir,omalley,ddas,Major,Resolved,Fixed,03/Dec/06 14:22,08/Jul/09 16:52,
Bug,HADOOP-774,12357496,Datanodes fails to heartbeat when a directory with a large number of blocks is deleted,dhruba,dhruba,Major,Closed,Fixed,02/Dec/06 00:28,27/Oct/09 01:27,
Bug,HADOOP-770,12357402,"When JobTracker gets restarted, Job Tracker History doesn't show the jobs that were running. (incomplete jobs)",sanjay.dahiya,knoguchi,Minor,Closed,Fixed,30/Nov/06 21:12,08/Jul/09 16:52,
Bug,HADOOP-764,12357304,The memory consumption of processReport() in the namenode can be reduced,dhruba,dhruba,Major,Closed,Fixed,30/Nov/06 00:02,08/Jul/09 16:42,
Bug,HADOOP-761,12357238,Unit tests should cleanup created files in /tmp. It causes tests to fail if more than one users run tests on same machine.,nidaley,sanjay.dahiya,Minor,Closed,Fixed,29/Nov/06 11:59,02/Mar/07 23:02,
Bug,HADOOP-758,12357211,FileNotFound on DFS block file,rangadi,omalley,Major,Closed,Fixed,29/Nov/06 05:41,08/Jul/09 16:42,
Bug,HADOOP-757,12357210,"""Bad File Descriptor"" in closing DFS file",rangadi,omalley,Major,Closed,Fixed,29/Nov/06 05:35,08/Jul/09 16:42,
Bug,HADOOP-752,12357090,Possible locking issues in HDFS Namenode,dhruba,dhruba,Major,Closed,Fixed,28/Nov/06 05:51,08/Jul/09 16:42,
Bug,HADOOP-750,12357077,race condition on stalled map output fetches,omalley,omalley,Major,Closed,Fixed,28/Nov/06 00:30,08/Jul/09 16:52,
Bug,HADOOP-749,12357060,The jobfailures.jsp gets a NullPointerException after a task tracker has been lost,omalley,omalley,Major,Closed,Fixed,27/Nov/06 21:14,08/Jul/09 16:52,
Bug,HADOOP-748,12357057,the delete in localfilesystem traverses symlinks to delete files which is not expected,mahadev,mahadev,Minor,Closed,Fixed,27/Nov/06 21:00,15/Dec/06 23:02,
Bug,HADOOP-747,12357051,RecordIO compiler does not produce correct Java code when buffer is used as key or value in map,milindb,milindb,Major,Closed,Fixed,27/Nov/06 19:54,01/Dec/06 22:43,
Bug,HADOOP-745,12356440,NameNode throws FileNotFoundException: Parent path does not exist on startup,dhruba,nidaley,Major,Closed,Fixed,22/Nov/06 23:38,08/Jul/09 16:42,
Bug,HADOOP-741,12356307,Fix average progress calculation in speculative execution of maps + fix pending issues in speculative execution of reduces,sanjay.dahiya,sanjay.dahiya,Major,Closed,Fixed,21/Nov/06 22:22,08/Jul/09 16:52,
Bug,HADOOP-740,12356303,JobTracker does not clean up task entries at job completion,acmurthy,omalley,Major,Closed,Fixed,21/Nov/06 21:31,08/Jul/09 16:52,
Bug,HADOOP-739,12356299,TestIPC occassionally fails with BindException,nidaley,nidaley,Minor,Closed,Fixed,21/Nov/06 20:33,01/Dec/06 22:43,
Bug,HADOOP-738,12356215,dfs get or copyToLocal should not copy crc file,milindb,milindb,Major,Closed,Fixed,20/Nov/06 22:02,08/Jul/09 16:42,
Bug,HADOOP-737,12356170,TaskTracker's job cleanup loop should check for finished job before deleting local directories,acmurthy,sanjay.dahiya,Critical,Closed,Fixed,20/Nov/06 12:46,02/May/13 02:29,
Bug,HADOOP-736,12356152,Roll back Jetty6.0.1 to Jetty5.1.4,ddas,ddas,Major,Closed,Fixed,20/Nov/06 07:24,01/Dec/06 22:43,
Bug,HADOOP-735,12356046,"The underlying data structure, ByteArrayOutputStream,  for buffer type of Hadoop record is inappropriate",milindb,runping,Major,Closed,Fixed,17/Nov/06 23:59,03/Feb/07 03:23,
Bug,HADOOP-734,12356044,"Link to the FAQ in the ""Documentation"" section of the hadoop website",shv,shv,Major,Closed,Fixed,17/Nov/06 23:27,01/Dec/06 22:43,
Bug,HADOOP-733,12356008,dfs shell has inconsistent exit codes,dhruba,ckunz,Major,Closed,Fixed,17/Nov/06 16:53,08/Jul/09 16:42,
Bug,HADOOP-731,12355904,"Sometimes when a dfs file is accessed and one copy has a checksum error the I/O command fails, even if another copy is alright.",wchien,dking,Major,Closed,Fixed,16/Nov/06 19:23,08/Jul/09 16:42,
Bug,HADOOP-729,12355832,packageNativeHadoop.sh has non-standard sh code,acmurthy,acmurthy,Critical,Closed,Fixed,16/Nov/06 07:06,01/Dec/06 22:43,
Bug,HADOOP-728,12355800,Map-reduce task does not produce correct results when -reducer NONE is specified through streaming,sanjay.dahiya,dhruba,Major,Closed,Fixed,16/Nov/06 00:06,08/Jul/09 17:05,
Bug,HADOOP-724,12355766,"bin/hadoop:111 uses java directly, it should use JAVA_HOME",acmurthy,sanjay.dahiya,Minor,Closed,Fixed,15/Nov/06 18:56,30/Sep/11 20:10,
Bug,HADOOP-723,12355752,Race condition exists in the method MapOutputLocation.getFile,omalley,ddas,Major,Closed,Fixed,15/Nov/06 16:45,08/Jul/09 16:52,
Bug,HADOOP-722,12355664,native-hadoop deficiencies,acmurthy,acmurthy,Critical,Closed,Fixed,15/Nov/06 05:01,01/Dec/06 22:43,
Bug,HADOOP-716,12355567,Javadoc warning in SequenceFile.java,ddas,ddas,Minor,Closed,Fixed,14/Nov/06 06:28,01/Dec/06 22:43,
Bug,HADOOP-715,12355562,build.xml sets up wrong 'hadoop.log.dir' property for 'ant test',acmurthy,acmurthy,Minor,Closed,Fixed,14/Nov/06 03:44,01/Dec/06 22:43,
Bug,HADOOP-712,12355512,Record-IO XML serialization is broken for control characters,milindb,milindb,Major,Closed,Fixed,13/Nov/06 20:13,01/Dec/06 22:43,
Bug,HADOOP-710,12355311,block size isn't honored,milindb,nidaley,Major,Closed,Fixed,10/Nov/06 22:53,08/Jul/09 16:42,
Bug,HADOOP-709,12355310,streaming job with Control characters in the command causes runtime exception in the job tracker,dhruba,dhruba,Major,Closed,Fixed,10/Nov/06 22:34,08/Jul/09 17:05,
Bug,HADOOP-708,12355301,test-libhdfs.sh does not properly capture and return error status,nidaley,nidaley,Major,Closed,Fixed,10/Nov/06 19:48,01/Dec/06 22:43,
Bug,HADOOP-705,12355223,IOException: job.xml already exists,mahadev,nidaley,Major,Closed,Fixed,10/Nov/06 02:00,08/Jul/09 16:52,
Bug,HADOOP-700,12355107,bin/hadoop includes in classpath all jar files in HADOOP_HOME,cutting,nidaley,Major,Closed,Fixed,09/Nov/06 01:41,05/Jan/07 23:22,
Bug,HADOOP-699,12355101,"""Browse the filesystem"" link on Name Node redirects to wrong port on DataNode",rangadi,rangadi,Major,Closed,Fixed,09/Nov/06 00:58,08/Jul/09 16:42,
Bug,HADOOP-698,12355097,"When DFS client fails to read from a datanode, the failed datanode is not excluded from target reselection",milindb,hairong,Major,Closed,Fixed,08/Nov/06 23:03,08/Jul/09 16:42,
Bug,HADOOP-696,12355086,TestTextInputFormat fails on some platforms due to non-determinism in format.getSplits(),sameerp,sameerp,Minor,Closed,Fixed,08/Nov/06 22:18,01/Dec/06 22:43,
Bug,HADOOP-695,12355083,Unexpected NPE from the next method of StreamLineRecordReader fails map/reduce jobs,hairong,hairong,Major,Closed,Fixed,08/Nov/06 21:34,08/Jul/09 17:05,
Bug,HADOOP-694,12355068,jobtracker expireluanching tasks throws out Nullpointer exceptions,mahadev,mahadev,Minor,Closed,Fixed,08/Nov/06 19:13,01/Dec/06 22:43,
Bug,HADOOP-690,12355020,NPE in jobcontrol,omalley,johanoskarsson,Major,Closed,Fixed,08/Nov/06 12:15,08/Jul/09 16:52,
Bug,HADOOP-687,12354983,Upgrade to Jetty 6 does not patch bin/hadoop,sameerp,sameerp,Critical,Closed,Fixed,07/Nov/06 23:52,01/Dec/06 22:43,
Bug,HADOOP-683,12354893,bin/hadoop.sh doesn't work for /bin/dash (eg ubuntu 6.10b),,gonzo,Trivial,Closed,Fixed,07/Nov/06 00:51,01/Dec/06 22:43,
Bug,HADOOP-682,12354847,hadoop namenode -format doesnt work anymore if target directory doesnt exist,,sanjay.dahiya,Major,Closed,Fixed,06/Nov/06 14:48,08/Jul/09 16:42,
Bug,HADOOP-673,12354634,the task execution environment should have a current working directory that is task specific,mahadev,omalley,Major,Closed,Fixed,02/Nov/06 23:13,08/Jul/09 16:51,
Bug,HADOOP-672,12354594,dfs shell enhancements,dhruba,yarnon,Minor,Closed,Fixed,02/Nov/06 17:45,08/Jul/09 16:42,
Bug,HADOOP-671,12354498,Distributed cache creates unnecessary symlinks if asked for creating symlinks,mahadev,mahadev,Major,Closed,Fixed,01/Nov/06 23:30,03/Nov/06 22:40,
Bug,HADOOP-669,12354486,Upgrade to trunk causes data loss.,milindb,milindb,Blocker,Closed,Fixed,01/Nov/06 20:12,08/Jul/09 16:41,
Bug,HADOOP-666,12354422,hadoop dfs  does not complain about unknown option,dhruba,dhruba,Minor,Closed,Fixed,01/Nov/06 05:06,08/Jul/09 16:42,
Bug,HADOOP-665,12354421, hadoop -rmr  does NOT process multiple arguments and does not complain,dhruba,dhruba,Minor,Closed,Fixed,01/Nov/06 05:00,08/Jul/09 16:42,
Bug,HADOOP-664,12354414,build doesn't fail if libhdfs test(s) fail,nidaley,nidaley,Minor,Closed,Fixed,01/Nov/06 00:40,03/Nov/06 22:40,
Bug,HADOOP-663,12354413,ant test is failing,mahadev,mahadev,Major,Closed,Fixed,01/Nov/06 00:17,03/Nov/06 22:40,
Bug,HADOOP-662,12354412,"dfs -ls sometime prints ""Found xxx items""; sometimes it does not print that string",jianglei,dhruba,Minor,Closed,Fixed,01/Nov/06 00:13,08/Jul/09 16:41,
Bug,HADOOP-658,12354390,source headers must conform to new Apache guidelines,cutting,cutting,Major,Closed,Fixed,31/Oct/06 18:22,03/Nov/06 22:40,31/Oct/06 00:00
Bug,HADOOP-654,12354312,jobs fail with some hardware/system failures on a small number of nodes,acmurthy,yarnon,Minor,Closed,Fixed,30/Oct/06 18:47,08/Jul/09 16:51,
Bug,HADOOP-652,12354163,Not all Datastructures are updated when a block is deleted,,rangadi,Major,Closed,Fixed,27/Oct/06 18:49,08/Jul/09 16:42,
Bug,HADOOP-651,12354162,fsck does not handle arguments -blocks and -locations correctly,milindb,milindb,Major,Closed,Fixed,27/Oct/06 18:41,08/Jul/09 16:42,
Bug,HADOOP-650,12354157,bin/hadoop dfs -lsr / is broken,mahadev,mahadev,Minor,Resolved,Fixed,27/Oct/06 17:47,08/Jul/09 16:42,
Bug,HADOOP-649,12354131,Jobs without any map and reduce operations seems to be lost after their execution,omalley,titom,Major,Closed,Fixed,27/Oct/06 11:30,08/Jul/09 16:52,
Bug,HADOOP-646,12354081,"name node server does not load large (> 2^31 bytes) edits file",milindb,ckunz,Critical,Closed,Fixed,26/Oct/06 22:06,08/Jul/09 16:42,
Bug,HADOOP-645,12354074,Map-reduce task does not finish correctly when -reducer NONE is specified,dhruba,dhruba,Major,Closed,Fixed,26/Oct/06 20:34,08/Jul/09 17:05,
Bug,HADOOP-642,12353994,Explicit timeout for ipc.Client,shv,shv,Major,Closed,Fixed,26/Oct/06 01:30,03/Nov/06 22:40,
Bug,HADOOP-641,12353991,Name-node should demand a block report from resurrected data-nodes.,shv,shv,Major,Closed,Fixed,26/Oct/06 01:06,03/Nov/06 22:40,
Bug,HADOOP-639,12353984,"task cleanup messages can get lost, causing task trackers to keep tasks forever",acmurthy,omalley,Major,Closed,Fixed,25/Oct/06 22:01,08/Jul/09 16:51,
Bug,HADOOP-638,12353981,TaskTracker missing synchronization around tasks variable access,nidaley,nidaley,Major,Closed,Fixed,25/Oct/06 21:34,08/Jul/09 16:51,
Bug,HADOOP-637,12353974,ipc.Server has memory leak -- serious issue for namenode server,rangadi,ckunz,Major,Closed,Fixed,25/Oct/06 18:33,01/Dec/06 22:43,
Bug,HADOOP-634,12353879,Test files missing copyright headers,nidaley,nidaley,Trivial,Closed,Fixed,24/Oct/06 18:22,03/Nov/06 22:40,
Bug,HADOOP-633,12353874,if the jobinit thread gets killed the jobtracker keeps running without doing anything.,omalley,mahadev,Minor,Closed,Fixed,24/Oct/06 17:52,08/Jul/09 16:51,
Bug,HADOOP-632,12353869,"dfs -report lists ""missing"" datanodes",rangadi,omalley,Major,Closed,Fixed,24/Oct/06 16:37,08/Jul/09 16:42,
Bug,HADOOP-629,12353802,none of the rpc servers check the protcol name for validity,omalley,omalley,Major,Closed,Fixed,24/Oct/06 05:35,05/Jan/07 23:22,
Bug,HADOOP-628,12353797,hadoop hdfs -cat   replaces some characters with question marks.,wchien,arkady,Major,Closed,Fixed,24/Oct/06 04:28,08/Jul/09 16:42,
Bug,HADOOP-627,12353791,MiniMRCluster missing synchronization,nidaley,nidaley,Major,Closed,Fixed,24/Oct/06 01:02,08/Jul/09 16:51,
Bug,HADOOP-624,12353781,fix warning about pathSpec should start with '/' or '*' : mapOutput,omalley,omalley,Minor,Closed,Fixed,23/Oct/06 22:04,02/May/13 02:29,
Bug,HADOOP-612,12353496,DFs copyFromLocal fails with NullPointerException for a single file,sameerp,sanjay.dahiya,Blocker,Closed,Fixed,18/Oct/06 11:34,08/Jul/09 16:42,
Bug,HADOOP-610,12353460,Task Tracker offerService does not adequately protect from exceptions,omalley,omalley,Major,Closed,Fixed,18/Oct/06 04:15,08/Jul/09 16:51,
Bug,HADOOP-607,12353351,Classpath of tasks is not set correctly (bug happens for multiple mapred local dirs only),mahadev,mahadev,Critical,Closed,Fixed,17/Oct/06 05:55,15/Dec/06 23:02,
Bug,HADOOP-604,12353314,DataNodes get NullPointerException and become unresponsive on 50010,rangadi,ckunz,Major,Closed,Fixed,16/Oct/06 17:49,08/Jul/09 16:42,
Bug,HADOOP-600,12353085,Race condition in JobTracker updating the task tracker's status while declaring it lost,acmurthy,omalley,Major,Closed,Fixed,12/Oct/06 16:50,02/May/13 02:29,
Bug,HADOOP-599,12353040,DFS Always Reports 0 Bytes Used,rangadi,albert.chern,Minor,Closed,Fixed,12/Oct/06 07:01,08/Jul/09 16:42,
Bug,HADOOP-598,12352979,rpc timeout in Task.done kills task,omalley,omalley,Major,Closed,Fixed,11/Oct/06 18:59,11/Oct/06 21:09,
Bug,HADOOP-597,12352974,transmission errors to the reduce will cause map output to be considered lost,omalley,omalley,Major,Closed,Fixed,11/Oct/06 16:56,11/Oct/06 21:09,
Bug,HADOOP-596,12352955,TaskTracker taskstatus's phase doesnt get updated on phase transition causing wrong values displayed in WI,sanjay.dahiya,sanjay.dahiya,Major,Closed,Fixed,11/Oct/06 12:41,08/Jul/09 16:51,
Bug,HADOOP-593,12352905,NullPointerException in JobTracker's ExireTaskTracker thread,omalley,omalley,Critical,Closed,Fixed,10/Oct/06 19:00,08/Jul/09 16:51,
Bug,HADOOP-592,12352897,NullPointerException in toString for RPC connection objects,omalley,omalley,Minor,Closed,Fixed,10/Oct/06 18:08,11/Oct/06 21:09,
Bug,HADOOP-588,12352833,JobTracker History bug - kill() ed tasks are logged wrongly as finished.,sanjay.dahiya,sanjay.dahiya,Major,Closed,Fixed,10/Oct/06 08:16,08/Jul/09 16:51,
Bug,HADOOP-584,12352671,Calling shell scripts from build.xml discriminates Windows user minority.,,shv,Major,Resolved,Fixed,07/Oct/06 00:18,01/Aug/14 14:46,
Bug,HADOOP-581,12352560,Datanode's offerService does not handle rpc timeouts,omalley,omalley,Major,Closed,Fixed,06/Oct/06 02:24,08/Jul/09 16:42,
Bug,HADOOP-572,12352244,Chain reaction in a big cluster caused by simultaneous failure of only a few data-nodes.,sameerp,shv,Major,Closed,Fixed,03/Oct/06 01:55,08/Jul/09 16:42,
Bug,HADOOP-568,12352171,small jobs benchmark fails: task is UNASSIGNED,omalley,yarnon,Major,Closed,Fixed,02/Oct/06 08:12,06/Oct/06 21:49,
Bug,HADOOP-566,12352162,"hadoop-daemons.sh fails with ""no such file or directory"" when used from a relative symlinked path",cutting,leef,Major,Closed,Fixed,02/Oct/06 06:28,06/Oct/06 21:49,
Bug,HADOOP-564,12351935,we should use hdfs:// in all API URIs,wchien,eric14,Major,Closed,Fixed,28/Sep/06 03:42,08/Jul/09 16:42,
Bug,HADOOP-563,12351918,DFS client should try to re-new lease if it gets a lease expiration exception when it adds a block to a file,dhruba,runping,Major,Closed,Fixed,27/Sep/06 18:56,08/Jul/09 16:42,
Bug,HADOOP-561,12351821,one replica of a file should be written locally if possible,dhruba,yarnon,Major,Closed,Fixed,26/Sep/06 16:50,08/Jul/09 16:42,
Bug,HADOOP-554,12350449,hadoop dfs command line doesn't exit with status code on error,dhruba,menicosia,Major,Closed,Fixed,21/Sep/06 18:05,08/Jul/09 16:42,
Bug,HADOOP-553,12350376,DataNode and NameNode main() should catch and report exceptions.,rangadi,shv,Major,Closed,Fixed,20/Sep/06 22:29,08/Jul/09 16:51,
Bug,HADOOP-552,12350358,getMapOutput doesn't reliably detect errors and throw to the caller,omalley,omalley,Major,Closed,Fixed,20/Sep/06 16:26,08/Jul/09 16:51,
Bug,HADOOP-550,12350286,Text constructure can throw exception,hairong,bpendleton,Major,Closed,Fixed,19/Sep/06 21:28,06/Oct/06 21:49,
Bug,HADOOP-549,12350278,NullPointerException in TaskReport's serialization code,omalley,michel_tourn,Major,Closed,Fixed,19/Sep/06 18:51,08/Jul/09 16:51,
Bug,HADOOP-547,12350246,"ReduceTaskRunner can miss sending hearbeats if no map output copy finishes within ""mapred.task.timeout""",sanjay.dahiya,sanjay.dahiya,Major,Closed,Fixed,19/Sep/06 10:55,08/Jul/09 16:51,
Bug,HADOOP-546,12350245,Task tracker doesnt generate job.xml in jobcache for some tasks ( possibly for only rescheduled tasks),acmurthy,sanjay.dahiya,Critical,Closed,Fixed,19/Sep/06 10:37,08/Jul/09 16:51,
Bug,HADOOP-545,12350233,Unused parameter in hadoop-default.xml,,phil@anyware-tech.com,Trivial,Closed,Fixed,19/Sep/06 07:27,06/Oct/06 21:49,
Bug,HADOOP-540,12350065,Streaming should send keep-alive signals to Reporter,,michel_tourn,Major,Closed,Fixed,15/Sep/06 21:32,08/Jul/09 17:05,
Bug,HADOOP-537,12349989,clean-libhdfs target of build.xml does not work on windows,acmurthy,shv,Major,Closed,Fixed,15/Sep/06 00:43,08/Jul/09 17:05,
Bug,HADOOP-536,12349988,Broke ant test on windows,,mahadev,Major,Closed,Fixed,15/Sep/06 00:30,08/Jul/09 16:51,
Bug,HADOOP-534,12349953,Jobconf should set the default output value class to be Text,hairong,hairong,Major,Closed,Fixed,14/Sep/06 18:54,08/Jul/09 16:51,
Bug,HADOOP-533,12349943,TestDFSShellGenericOptions creates a sub-directory in conf/,hairong,cutting,Minor,Closed,Fixed,14/Sep/06 16:59,08/Jul/09 16:42,
Bug,HADOOP-532,12349942,Writable underrun in sort example,omalley,omalley,Major,Closed,Fixed,14/Sep/06 16:38,18/Sep/06 18:10,
Bug,HADOOP-530,12349864,Error message does not expose mismached key or value class name correctly in Sequence file,hairong,hairong,Major,Closed,Fixed,13/Sep/06 21:00,06/Oct/06 21:49,
Bug,HADOOP-529,12349832,SequenceFile fails task with NullPointerException in codec initialization,omalley,sanjay.dahiya,Blocker,Closed,Fixed,13/Sep/06 14:45,08/Jul/09 16:51,
Bug,HADOOP-526,12349775,datanode lock message causes NullPointerException,milindb,omalley,Major,Closed,Fixed,12/Sep/06 23:23,08/Jul/09 16:42,
Bug,HADOOP-523,12349748,TextInputformat .isSplittable() fails with NullPointerException with hadoop 0.6.1,omalley,sanjay.dahiya,Major,Closed,Fixed,12/Sep/06 16:39,08/Jul/09 16:51,
Bug,HADOOP-521,12349664,classloader problem for clients,omalley,ckunz,Major,Closed,Fixed,11/Sep/06 21:08,14/Sep/06 16:45,
Bug,HADOOP-520,12349652,libhdfs returns success even when writing to a file fails,acmurthy,ckunz,Major,Closed,Fixed,11/Sep/06 17:20,08/Jul/09 17:05,
Bug,HADOOP-517,12349500,readLine function of UTF8ByteArrayUtils does not handle end of line correctly,hairong,hairong,Major,Closed,Fixed,08/Sep/06 17:48,08/Sep/06 21:20,
Bug,HADOOP-514,12349357,namenode heartbeat interval should be configurable,milindb,wchien,Major,Closed,Fixed,07/Sep/06 02:01,08/Jul/09 16:42,
Bug,HADOOP-513,12349348,IllegalStateException is thrown by TaskTracker,omalley,shv,Major,Closed,Fixed,06/Sep/06 22:23,08/Jul/09 16:51,
Bug,HADOOP-508,12349243,random seeks using FSDataInputStream can become invalid such that reads return invalid data,milindb,ckunz,Major,Closed,Fixed,05/Sep/06 20:48,08/Jul/09 16:42,
Bug,HADOOP-507,12349236,Runtime exception in org.apache.hadoop.io.WritableFactories.newInstance when trying to startup namenode/datanode,omalley,acmurthy,Major,Closed,Fixed,05/Sep/06 17:08,08/Sep/06 21:20,
Bug,HADOOP-506,12349229,"job tracker hangs on to dead task trackers ""forever""",sanjay.dahiya,yarnon,Minor,Closed,Fixed,05/Sep/06 15:25,08/Jul/09 16:51,
Bug,HADOOP-501,12349080,"toString(resources, sb) in Configuration.java throws a ClassCastException since resources can be loaded from an URL",,titom,Minor,Closed,Fixed,01/Sep/06 15:02,08/Sep/06 21:20,
Bug,HADOOP-493,12348901,hadoop dfs -report information is incorrect,rangadi,yarnon,Minor,Closed,Fixed,30/Aug/06 06:16,08/Jul/09 16:42,
Bug,HADOOP-482,12348597,unit test hangs when a cluster is running on the same machine,wchien,wchien,Minor,Closed,Fixed,25/Aug/06 01:17,12/Jan/07 05:31,
Bug,HADOOP-477,12348580,Streaming should execute Unix commands and scripts in well known languages without user specifying the path,dhruba,arkady,Major,Closed,Fixed,24/Aug/06 21:38,08/Jul/09 17:05,
Bug,HADOOP-476,12348579,Streaming should check for correctness of the task,acmurthy,arkady,Major,Closed,Fixed,24/Aug/06 21:32,08/Jul/09 17:05,
Bug,HADOOP-473,12348416,TextInputFormat does not correctly handle all line endings,,musepwizard,Major,Closed,Fixed,22/Aug/06 17:07,08/Jul/09 16:51,
Bug,HADOOP-469,12348339,Portability of hadoop shell scripts for deployment,,jbq,Major,Closed,Fixed,21/Aug/06 15:25,08/Sep/06 21:19,
Bug,HADOOP-462,12348250,DFSShell throws out arrayoutofbounds exceptions if the number of arguments is not right,dhruba,mahadev,Minor,Closed,Fixed,18/Aug/06 20:59,08/Jul/09 16:42,
Bug,HADOOP-460,12348220,Small jobs benchmark fails with current Hadoop due to UTF8 -> Text ClassCastException,,sanjay.dahiya,Major,Closed,Fixed,18/Aug/06 12:27,08/Jul/09 17:05,
Bug,HADOOP-459,12348197,libhdfs leaks memory when writing to files,sameerp,ckunz,Major,Closed,Fixed,18/Aug/06 04:51,08/Jul/09 16:42,
Bug,HADOOP-458,12348194,libhdfs corrupts memory,shv,ckunz,Major,Closed,Fixed,18/Aug/06 04:42,08/Jul/09 16:42,
Bug,HADOOP-455,12348023,Text class should support the DEL character,hairong,hairong,Major,Closed,Fixed,15/Aug/06 19:03,08/Sep/06 21:19,
Bug,HADOOP-453,12347851,bug in Text.setCapacity( int len ),,siren,Minor,Closed,Fixed,12/Aug/06 16:29,08/Sep/06 21:19,
Bug,HADOOP-447,12347805,DistributedFileSystem.getBlockSize(Path) does not resolve absolute path,rangadi,breed,Major,Closed,Fixed,11/Aug/06 17:40,08/Jul/09 16:42,
Bug,HADOOP-444,12347728,"In streaming with a NONE reducer, you get duplicate files if a mapper fails, is restarted, and succeeds next time.",michel_tourn,dking,Major,Closed,Fixed,10/Aug/06 19:22,08/Jul/09 17:05,
Bug,HADOOP-442,12347662,"slaves file should include an 'exclude' section, to prevent ""bad"" datanodes and tasktrackers from disrupting  a cluster",wchien,yarnon,Major,Closed,Fixed,10/Aug/06 07:42,20/May/08 22:32,
Bug,HADOOP-438,12347638,DFS pathname limitation.,wchien,shv,Major,Closed,Fixed,10/Aug/06 01:08,08/Jul/09 16:41,
Bug,HADOOP-436,12347618,Concluding that the Map task failed may not be always right in getMapOutput.jsp,ddas,ddas,Major,Closed,Fixed,09/Aug/06 19:08,08/Jul/09 16:51,
Bug,HADOOP-434,12347566,Use Hadoop scripts to run smallJobsBenchmark to avoid classpath issues.,sanjay.dahiya,sanjay.dahiya,Major,Closed,Fixed,08/Aug/06 22:20,08/Jul/09 17:05,10/Aug/06 00:00
Bug,HADOOP-430,12347464,http server should die if the Datanode fails.,wchien,shv,Major,Closed,Fixed,07/Aug/06 22:33,08/Jul/09 16:42,
Bug,HADOOP-427,12347457,DatanodeInfo class should be used instead of DatanodeDescriptor in the jsp & related files,ddas,ddas,Major,Closed,Fixed,07/Aug/06 19:00,08/Jul/09 16:42,
Bug,HADOOP-426,12347343,streaming unit tests failing on SunOS,michel_tourn,cutting,Major,Closed,Fixed,04/Aug/06 23:23,08/Jul/09 17:05,
Bug,HADOOP-424,12347320,mapreduce jobs fail when no split is returned via inputFormat.getSplits,,fred.bertin,Major,Closed,Fixed,04/Aug/06 15:05,08/Jul/09 16:51,
Bug,HADOOP-423,12347270,file paths are not normalized,wchien,ckunz,Major,Closed,Fixed,03/Aug/06 20:25,08/Jul/09 16:42,
Bug,HADOOP-421,12347193,replace String in hadoop record io with the new Text class,milindb,omalley,Major,Closed,Fixed,02/Aug/06 20:30,08/Sep/06 21:19,
Bug,HADOOP-419,12347185,libdfs doesn't work with application threads,omalley,ckunz,Major,Closed,Fixed,02/Aug/06 19:33,08/Jul/09 17:05,
Bug,HADOOP-415,12347121,DFSNodesStatus() should sort data nodes.,,shv,Major,Closed,Fixed,02/Aug/06 01:38,08/Jul/09 16:41,
Bug,HADOOP-405,12347009,Duplicate browseDirectory.jsp,navychen,shv,Minor,Closed,Fixed,01/Aug/06 02:24,08/Jul/09 16:41,
Bug,HADOOP-404,12347005,Regression tests are not working.,,mahadev,Major,Closed,Fixed,01/Aug/06 01:41,04/Aug/06 22:22,
Bug,HADOOP-400,12346870,the job tracker re-runs failed tasks on the same node,omalley,omalley,Major,Closed,Fixed,28/Jul/06 20:33,08/Jul/09 16:51,
Bug,HADOOP-399,12346869,the javadoc currently generates lot of warnings about bad fields,nidaley,omalley,Trivial,Closed,Fixed,28/Jul/06 20:26,03/Nov/06 22:40,
Bug,HADOOP-393,12346788,The validateUTF function of class Text throws MalformedInputException for valid UTF8 code containing ascii chars,hairong,hairong,Major,Closed,Fixed,27/Jul/06 17:38,04/Aug/06 22:22,
Bug,HADOOP-391,12346749,test-contrib with spaces in classpath (Windows),,michel_tourn,Major,Closed,Fixed,27/Jul/06 01:46,04/Aug/06 22:22,
Bug,HADOOP-389,12346710,MiniMapReduce tests get stuck because of some timing issues with initialization of tasktrackers.,mahadev,mahadev,Major,Closed,Fixed,26/Jul/06 18:50,08/Jul/09 16:51,
Bug,HADOOP-388,12346653,"the hadoop-daemons.sh fails with ""no such file or directory"" when used from a relative path",omalley,omalley,Major,Closed,Fixed,25/Jul/06 21:10,02/Oct/06 06:29,
Bug,HADOOP-387,12346647,LocalJobRunner assigns duplicate mapid's,,siren,Major,Closed,Fixed,25/Jul/06 18:39,08/Jul/09 16:51,
Bug,HADOOP-385,12346587,rcc does not generate correct Java code for the field of a record type,milindb,hairong,Major,Closed,Fixed,25/Jul/06 00:38,04/Aug/06 22:22,
Bug,HADOOP-384,12346580,improved error messages for file checksum errors,omalley,omalley,Minor,Closed,Fixed,24/Jul/06 21:43,04/Aug/06 22:22,
Bug,HADOOP-383,12346578,unit tests fail on windows,michel_tourn,omalley,Major,Closed,Fixed,24/Jul/06 20:48,08/Jul/09 17:05,
Bug,HADOOP-380,12346472,The reduce tasks poll for mapoutputs in a loop,mahadev,mahadev,Major,Closed,Fixed,21/Jul/06 23:18,08/Jul/09 16:51,
Bug,HADOOP-377,12346447,Configuration does not handle URL,,jbq,Major,Closed,Fixed,21/Jul/06 17:49,04/Aug/06 22:22,
Bug,HADOOP-376,12346442,Datanode does not scan for an open http port,omalley,omalley,Major,Closed,Fixed,21/Jul/06 15:24,02/May/13 02:28,
Bug,HADOOP-375,12346410,Introduce a way for datanodes to register their HTTP info ports with the NameNode,ddas,ddas,Major,Closed,Fixed,21/Jul/06 10:48,08/Jul/09 16:41,
Bug,HADOOP-373,12346306,Some calls to mkdirs do not check return value,wchien,wchien,Major,Closed,Fixed,19/Jul/06 23:25,08/Jul/09 16:41,
Bug,HADOOP-368,12346142,"DistributedFSCheck should cleanup, seek, and report missing files.",shv,shv,Minor,Closed,Fixed,18/Jul/06 02:26,04/Aug/06 22:22,
Bug,HADOOP-365,12346031,datanode crashes on startup with ClassCastException,omalley,omalley,Major,Closed,Fixed,14/Jul/06 23:33,08/Jul/09 16:41,
Bug,HADOOP-364,12346027,rpc versioning broke out-of-order server launches,omalley,omalley,Major,Closed,Fixed,14/Jul/06 22:10,04/Aug/06 22:22,
Bug,HADOOP-362,12345893,tasks can get lost when reporting task completion to the JobTracker has an error,omalley,ddas,Major,Closed,Fixed,13/Jul/06 05:39,08/Jul/09 16:51,
Bug,HADOOP-360,12345828,hadoop-daemon starts but does not stop servers under cygWin,,shv,Major,Closed,Fixed,12/Jul/06 14:02,04/Aug/06 22:22,
Bug,HADOOP-358,12345706,NPE in Path.equals,cutting,fred.bertin,Major,Closed,Fixed,10/Jul/06 22:52,04/Aug/06 22:22,
Bug,HADOOP-354,12345581,All daemons should have public methods to start and stop them,,barry,Major,Closed,Fixed,08/Jul/06 00:25,08/Jul/09 16:41,
Bug,HADOOP-352,12345543,Portability of hadoop shell scripts for deployment,,jbq,Major,Closed,Fixed,07/Jul/06 16:09,21/Aug/06 19:35,
Bug,HADOOP-350,12345521,"In standalone mode, 'org.apache.commons.cli cannot be resolved'",,stack,Minor,Closed,Fixed,07/Jul/06 03:42,04/Aug/06 22:22,
Bug,HADOOP-344,12345444,TaskTracker passes incorrect file path to DF under cygwin,shv,shv,Major,Closed,Fixed,06/Jul/06 05:12,04/Aug/06 22:22,
Bug,HADOOP-343,12345438,"In case of dead task tracker, the copy mapouts try copying all mapoutputs from this tasktracker",sameerp,mahadev,Major,Closed,Fixed,06/Jul/06 01:07,08/Jul/09 16:51,
Bug,HADOOP-338,12345276,the number of maps in the JobConf does not match reality,omalley,omalley,Major,Resolved,Fixed,01/Jul/06 04:56,08/Jul/09 16:51,
Bug,HADOOP-329,12345083,ClassCastException in DFSClient,,omalley,Major,Closed,Fixed,28/Jun/06 07:07,08/Jul/09 16:41,
Bug,HADOOP-327,12345029,ToolBase calls System.exit,hairong,omalley,Major,Closed,Fixed,27/Jun/06 13:15,04/Aug/06 22:22,
Bug,HADOOP-325,12345027,ClassNotFoundException under jvm 1.6,omalley,omalley,Major,Closed,Fixed,27/Jun/06 12:57,03/Aug/06 17:46,
Bug,HADOOP-324,12345019,"""IOException: No space left on device"" is handled incorrectly",wchien,shv,Major,Closed,Fixed,27/Jun/06 07:59,08/Sep/06 21:19,
Bug,HADOOP-320,12344818,bin/hadoop dfs -mv does not mv  source's checksum file if source is a file,hairong,hairong,Major,Closed,Fixed,23/Jun/06 06:03,08/Jul/09 16:41,
Bug,HADOOP-319,12344810,"FileSystem ""close"" does not remove the closed fs from the fs map",hairong,hairong,Major,Closed,Fixed,23/Jun/06 03:48,03/Aug/06 17:46,
Bug,HADOOP-318,12344808,Progress in writing a DFS file does not count towards Job progress and can make the task timeout,milindb,milindb,Major,Closed,Fixed,23/Jun/06 03:14,08/Jul/09 16:51,
Bug,HADOOP-317,12344806,"""connection was forcibly closed"" Exception in RPC on Windows",cutting,shv,Major,Closed,Fixed,23/Jun/06 01:51,03/Aug/06 17:46,
Bug,HADOOP-316,12344805,job tracker has a deadlock,omalley,omalley,Major,Closed,Fixed,23/Jun/06 01:27,08/Jul/09 16:51,
Bug,HADOOP-313,12344756,A stand alone driver for individual tasks,michel_tourn,michel_tourn,Major,Closed,Fixed,22/Jun/06 06:30,04/Aug/06 22:22,
Bug,HADOOP-311,12344686,dfs client timeout on read kills task,omalley,omalley,Major,Closed,Fixed,21/Jun/06 03:28,08/Jul/09 16:41,
Bug,HADOOP-309,12344627,NullPointerException in StatusHttpServer,navychen,shv,Minor,Closed,Fixed,20/Jun/06 07:37,08/Jul/09 16:51,
Bug,HADOOP-304,12344404,UnregisteredDatanodeException message correction,shv,shv,Trivial,Closed,Fixed,15/Jun/06 05:35,03/Aug/06 17:46,
Bug,HADOOP-299,12344337,maps from second jobs will not run until the first job finishes completely,omalley,omalley,Major,Closed,Fixed,14/Jun/06 04:23,08/Jul/09 16:51,
Bug,HADOOP-295,12344291,jobs don't get executed in parallel,omalley,yarnon,Major,Closed,Fixed,13/Jun/06 07:26,08/Jul/09 16:51,
Bug,HADOOP-294,12344206,dfs client error retries aren't happening (already being created and not replicated yet),omalley,omalley,Major,Closed,Fixed,10/Jun/06 01:11,08/Jul/09 16:41,
Bug,HADOOP-293,12344159,map reduce job fail without reporting a reason,omalley,yarnon,Major,Closed,Fixed,09/Jun/06 07:48,08/Jul/09 16:51,
Bug,HADOOP-292,12344158,hadoop dfs commands should not output superfluous data to stdout,omalley,yarnon,Minor,Closed,Fixed,09/Jun/06 07:46,08/Jul/09 16:41,
Bug,HADOOP-290,12344109,Fix Datanode transfer thread logging,dhruba,musepwizard,Minor,Closed,Fixed,08/Jun/06 11:19,08/Jul/09 16:41,
Bug,HADOOP-289,12344105,Datanodes need to catch SocketTimeoutException and UnregisteredDatanodeException,shv,shv,Major,Closed,Fixed,08/Jun/06 09:34,08/Jul/09 16:41,
Bug,HADOOP-288,12344101,RFC: Efficient file caching,mahadev,michel_tourn,Major,Closed,Fixed,08/Jun/06 08:28,06/Oct/06 21:48,
Bug,HADOOP-286,12344080,copyFromLocal throws LeaseExpiredException,shv,runping,Major,Closed,Fixed,07/Jun/06 23:50,08/Jul/09 16:41,
Bug,HADOOP-285,12344053,Data nodes cannot re-join the cluster once connection is lost,hairong,shv,Blocker,Closed,Fixed,07/Jun/06 15:26,08/Jul/09 16:41,
Bug,HADOOP-284,12344048,dfs timeout on open,omalley,omalley,Major,Closed,Fixed,07/Jun/06 12:38,08/Jul/09 16:41,
Bug,HADOOP-282,12344039,the datanode crashes if it starts before the namenode,omalley,omalley,Critical,Closed,Fixed,07/Jun/06 06:07,08/Jul/09 16:41,
Bug,HADOOP-281,12344038,dfs.FSDirectory.mkdirs can create sub-directories of a file!,wchien,sameerp,Major,Closed,Fixed,07/Jun/06 06:05,08/Sep/06 21:19,
Bug,HADOOP-280,12344033,AllTestDriver has incorrect class name for DistributedFSCheck test,,shv,Major,Closed,Fixed,07/Jun/06 03:46,03/Aug/06 17:46,
Bug,HADOOP-278,12344012,a missing map/reduce input directory does not produce a user-visible error message,omalley,omalley,Major,Closed,Fixed,07/Jun/06 00:00,08/Jul/09 16:51,
Bug,HADOOP-277,12343976,Race condition in Configuration.getLocalPath(),sameerp,psutter,Major,Closed,Fixed,06/Jun/06 08:11,03/Aug/06 17:46,
Bug,HADOOP-276,12343973,No appenders could be found for logger,omalley,omalley,Major,Closed,Fixed,06/Jun/06 04:56,03/Aug/06 17:46,
Bug,HADOOP-274,12343952,The new logging framework puts application logs into server directory in hadoop.log,omalley,omalley,Major,Closed,Fixed,05/Jun/06 23:26,03/Aug/06 17:46,
Bug,HADOOP-272,12343882,bin/hadoop dfs -rm <dir> crashes in log4j code,omalley,omalley,Major,Closed,Fixed,03/Jun/06 06:03,03/Aug/06 17:46,
Bug,HADOOP-270,12343812,possible deadlock when shut down a datanode thread,hairong,hairong,Major,Closed,Fixed,02/Jun/06 03:45,08/Jul/09 16:41,
Bug,HADOOP-265,12343760,Abort tasktracker if it can not write to its local directories,hairong,hairong,Major,Closed,Fixed,01/Jun/06 07:07,08/Jul/09 16:51,
Bug,HADOOP-264,12343759,WritableFactory has no permissions to create DatanodeRegistration,omalley,omalley,Blocker,Closed,Fixed,01/Jun/06 06:16,08/Jul/09 16:41,
Bug,HADOOP-262,12343686,the reduce tasks do not report progress if they the map output locations is empty.,mahadev,mahadev,Major,Closed,Fixed,31/May/06 02:01,08/Jul/09 16:51,
Bug,HADOOP-261,12343684,"when map outputs are lost, nothing is shown in the webapp about why the map task failed",omalley,omalley,Major,Closed,Fixed,31/May/06 01:46,08/Jul/09 16:51,
Bug,HADOOP-259,12343625,map output http client does not timeout,omalley,omalley,Major,Closed,Fixed,29/May/06 13:14,08/Jul/09 16:51,
Bug,HADOOP-255,12343533,Client Calls are not cancelled after a call timeout,omalley,nnalam,Major,Closed,Fixed,26/May/06 05:30,03/Jan/07 21:40,
Bug,HADOOP-251,12343493,progress report failures kill task,omalley,omalley,Major,Closed,Fixed,25/May/06 04:41,08/Jul/09 16:51,
Bug,HADOOP-247,12343437,The Reduce Task thread for reporting progress during the sort exits in case of any IOException,mahadev,mahadev,Critical,Closed,Fixed,24/May/06 03:52,08/Jul/09 16:51,
Bug,HADOOP-245,12343435,record io translator doesn't strip path names,milindb,omalley,Major,Closed,Fixed,24/May/06 03:41,03/Aug/06 17:46,
Bug,HADOOP-243,12343432,WI shows progress as 100.00% before actual completion (rounding error),omalley,yarnon,Trivial,Closed,Fixed,24/May/06 02:17,08/Jul/09 16:51,
Bug,HADOOP-242,12343431,"job fails because of ""No valid local directories in property: "" exception",omalley,yarnon,Major,Closed,Fixed,24/May/06 02:13,08/Jul/09 16:51,
Bug,HADOOP-241,12343429,TestCopyFiles fails under cygwin due to incorrect path,milindb,shv,Minor,Closed,Fixed,24/May/06 01:22,03/Aug/06 17:46,
Bug,HADOOP-240,12343427,namenode should not log failed mkdirs at warning level,hairong,hairong,Minor,Closed,Fixed,24/May/06 00:20,08/Jul/09 16:41,
Bug,HADOOP-239,12343362,job tracker WI drops jobs after 24 hours,sanjay.dahiya,yarnon,Minor,Closed,Fixed,23/May/06 00:28,02/May/13 02:29,
Bug,HADOOP-238,12343312,map outputs transfers fail with EOFException,omalley,omalley,Blocker,Closed,Fixed,21/May/06 13:23,08/Jul/09 16:51,
Bug,HADOOP-236,12343289,job tracker should refuse connection from a task tracker with a different version number,sharadag,hairong,Major,Closed,Fixed,20/May/06 02:17,08/Jul/09 16:51,
Bug,HADOOP-235,12343287,LocalFileSystem.openRaw() throws the wrong string for FileNotFoundException,,breed,Major,Closed,Fixed,20/May/06 01:46,03/Aug/06 17:46,
Bug,HADOOP-229,12343186,hadoop cp should generate a better number of map tasks,milindb,yarnon,Minor,Closed,Fixed,18/May/06 07:22,03/Aug/06 17:46,
Bug,HADOOP-228,12343185,hadoop cp should have a -config option,milindb,yarnon,Minor,Closed,Fixed,18/May/06 07:12,03/Aug/06 17:46,
Bug,HADOOP-227,12343183,Namespace check pointing is not performed until the namenode restarts.,dhruba,shv,Major,Closed,Fixed,18/May/06 06:39,23/Jun/13 13:55,
Bug,HADOOP-226,12343179,DFSShell problems. Incorrect block replication detection in fsck.,,shv,Major,Closed,Fixed,18/May/06 05:10,08/Jul/09 16:41,
Bug,HADOOP-219,12340135,SequenceFile#handleChecksumException NPE,cutting,stack,Trivial,Closed,Fixed,16/May/06 01:20,03/Aug/06 17:46,
Bug,HADOOP-217,12334195,IllegalAcessException when creating a Block object via WritableFactories,hairong,hairong,Major,Closed,Fixed,13/May/06 07:56,08/Jul/09 16:41,
Bug,HADOOP-210,12333516,Namenode not able to accept connections,ddas,mahadev,Major,Closed,Fixed,11/May/06 07:09,08/Jul/09 16:41,
Bug,HADOOP-207,12333446,Patch to HADOOP-96 uses long deprecated call,hairong,bpendleton,Critical,Closed,Fixed,10/May/06 06:52,15/Dec/06 23:02,
Bug,HADOOP-205,12333436,the job tracker does not schedule enough map on the cluster,mahadev,omalley,Major,Closed,Fixed,10/May/06 03:56,08/Jul/09 16:51,
Bug,HADOOP-201,12333334,hadoop dfs -report throws exception,cutting,johanoskarsson,Minor,Closed,Fixed,08/May/06 18:21,08/Jul/09 16:41,
Bug,HADOOP-200,12333292,The map task names are sent to the reduces,omalley,omalley,Major,Closed,Fixed,07/May/06 10:54,08/Jul/09 16:51,
Bug,HADOOP-199,12333291,reduce copy progress not updating,omalley,omalley,Minor,Closed,Fixed,07/May/06 10:26,08/Jul/09 16:51,
Bug,HADOOP-196,12333193,Fix buggy uselessness of Configuration( Configuration other) constructor,,awootton,Major,Closed,Fixed,05/May/06 04:49,08/Sep/06 21:19,
Bug,HADOOP-192,12333073,Trivial JRE 1.5 versus 1.4 bug,,dbowen,Blocker,Closed,Fixed,04/May/06 00:23,08/Jul/09 16:51,
Bug,HADOOP-190,12333033,Job fails though task succeeded if we fail to exit,,stack,Major,Closed,Fixed,03/May/06 04:28,03/Aug/06 17:46,
Bug,HADOOP-188,12333023,more unprotected RPC calls in JobClient.runJob allow loss of job due to timeout,omalley,omalley,Major,Closed,Fixed,02/May/06 23:16,08/Jul/09 16:51,
Bug,HADOOP-186,12332986,communication problems in the task tracker cause long latency,omalley,omalley,Major,Closed,Fixed,02/May/06 11:21,08/Jul/09 16:51,
Bug,HADOOP-185,12332985,tasks are lost during pollForNewTask,omalley,omalley,Critical,Closed,Fixed,02/May/06 10:57,08/Jul/09 16:51,
Bug,HADOOP-183,12332964,adjust file replication factor when loading image and edits according to replication.min and replication.max,hairong,hairong,Minor,Closed,Fixed,02/May/06 02:11,08/Jul/09 16:41,
Bug,HADOOP-182,12332960,lost task trackers should not update status of completed jobs,omalley,omalley,Major,Closed,Fixed,02/May/06 01:48,08/Jul/09 16:51,
Bug,HADOOP-180,12332958,task tracker times out cleaning big job,omalley,omalley,Major,Closed,Fixed,02/May/06 01:42,08/Jul/09 16:51,
Bug,HADOOP-179,12332957,task tracker ghosts remain after 10 minutes,omalley,omalley,Major,Closed,Fixed,02/May/06 01:40,08/Jul/09 16:51,
Bug,HADOOP-176,12332866,comparators of integral writable types are not transitive for inequalities,,dking,Major,Closed,Fixed,29/Apr/06 06:25,08/Sep/06 21:19,
Bug,HADOOP-174,12332858,jobclient kills job for one timeout,omalley,omalley,Major,Closed,Fixed,29/Apr/06 04:01,08/Jul/09 16:51,
Bug,HADOOP-172,12332795,rpc doesn't handle returning null for a String[],omalley,omalley,Blocker,Closed,Fixed,28/Apr/06 00:15,03/Aug/06 17:46,
Bug,HADOOP-169,12332713,a single failure from locateMapOutputs kills the entire job,omalley,omalley,Critical,Closed,Fixed,26/Apr/06 12:24,08/Jul/09 16:51,
Bug,HADOOP-168,12332712,"JobSubmissionProtocol and InterTrackerProtocol don't include ""throws IOException"" on all methods",omalley,omalley,Minor,Closed,Fixed,26/Apr/06 12:13,08/Jul/09 16:51,
Bug,HADOOP-163,12332617,If a DFS datanode cannot write onto its file system. it should tell the name node not to assign new blocks to it.,hairong,runping,Major,Closed,Fixed,25/Apr/06 04:52,08/Jul/09 16:41,
Bug,HADOOP-162,12332611,concurrent modification exception in FSNamesystem.Lease.releaseLocks,omalley,omalley,Major,Closed,Fixed,25/Apr/06 02:54,08/Jul/09 16:41,
Bug,HADOOP-161,12332548,"dfs blocks define equal, but not hashcode",milindb,omalley,Major,Closed,Fixed,23/Apr/06 07:04,08/Jul/09 16:41,
Bug,HADOOP-160,12332547,sleeping with locks held,omalley,omalley,Major,Closed,Fixed,23/Apr/06 07:01,03/Aug/06 17:46,
Bug,HADOOP-157,12332499,job fails because pendingCreates is not cleaned up after a task fails,omalley,omalley,Major,Closed,Fixed,21/Apr/06 23:03,08/Jul/09 16:41,
Bug,HADOOP-154,12332448,fsck fails when there is no file in dfs,,lchen5,Trivial,Closed,Fixed,21/Apr/06 03:11,08/Jul/09 16:41,
Bug,HADOOP-151,12332386,RPC code has socket leak?,cutting,psutter,Major,Closed,Fixed,20/Apr/06 05:18,03/Aug/06 17:46,
Bug,HADOOP-146,12332335,"potential conflict in block id's, leading to data corruption",shv,yarnon,Major,Closed,Fixed,19/Apr/06 05:07,08/Jul/09 16:41,
Bug,HADOOP-145,12332325,io.skip.checksum.errors property clashes with LocalFileSystem#reportChecksumFailure,omalley,stack,Major,Resolved,Fixed,18/Apr/06 23:16,18/Jul/14 04:51,
Bug,HADOOP-143,12332322,exception call stacks are word wrapped in webapp,omalley,omalley,Major,Closed,Fixed,18/Apr/06 22:22,08/Jul/09 16:51,
Bug,HADOOP-141,12332278,Disk thrashing / task timeouts during map output copy phase,omalley,psutter,Major,Closed,Fixed,18/Apr/06 05:21,08/Jul/09 16:51,
Bug,HADOOP-139,12332162,Deadlock in LocalFileSystem lock/release,cutting,ibolotin,Major,Closed,Fixed,15/Apr/06 10:39,03/Aug/06 17:46,
Bug,HADOOP-137,12332157,"Different TaskTrackers may get the same task tracker id, thus cause many problems.",omalley,runping,Critical,Closed,Fixed,15/Apr/06 07:10,08/Jul/09 16:51,
Bug,HADOOP-135,12332108,Potential deadlock in JobTracker.,omalley,shv,Major,Closed,Fixed,14/Apr/06 07:28,08/Jul/09 16:51,
Bug,HADOOP-134,12332107,JobTracker trapped in a loop if it fails to localize a task,omalley,runping,Major,Closed,Fixed,14/Apr/06 06:58,08/Jul/09 16:51,
Bug,HADOOP-133,12332100,the TaskTracker.Child.ping thread calls exit,omalley,omalley,Major,Closed,Fixed,14/Apr/06 04:09,08/Jul/09 16:51,
Bug,HADOOP-128,12331872,Failure to replicate dfs block kills client,omalley,omalley,Major,Closed,Fixed,11/Apr/06 00:19,08/Jul/09 16:41,
Bug,HADOOP-126,12331801,"""hadoop dfs -cp"" does not copy crc files",shv,shv,Major,Closed,Fixed,08/Apr/06 10:47,08/Jul/09 16:41,
Bug,HADOOP-125,12331794,LocalFileSystem.makeAbsolute bug on Windows,cutting,psutter,Minor,Closed,Fixed,08/Apr/06 06:43,03/Aug/06 17:46,
Bug,HADOOP-124,12331786,don't permit two datanodes to run from same dfs.data.dir,shv,bpendleton,Critical,Closed,Fixed,08/Apr/06 01:45,08/Jul/09 16:41,
Bug,HADOOP-120,12331625,Reading an ArrayWriter does not work because valueClass does not get initialized,camerooni,dking,Major,Closed,Fixed,05/Apr/06 07:54,05/Nov/07 18:11,
Bug,HADOOP-118,12331572,Namenode does not always clean up pendingCreates,omalley,omalley,Critical,Closed,Fixed,05/Apr/06 00:30,08/Jul/09 16:41,
Bug,HADOOP-117,12331546,mapred temporary files not deleted,cutting,rrprabhu,Blocker,Closed,Fixed,04/Apr/06 12:46,11/Apr/18 14:26,
Bug,HADOOP-112,12330904,copyFromLocal should exclude .crc files,cutting,monu.ogbe,Minor,Closed,Fixed,30/Mar/06 23:25,08/Jul/09 16:41,
Bug,HADOOP-110,12330855,new key and value instances are allocated before each map,omalley,omalley,Major,Closed,Fixed,30/Mar/06 02:11,08/Jul/09 16:51,
Bug,HADOOP-109,12330827,Blocks are not replicated when...,shv,shv,Major,Closed,Fixed,29/Mar/06 12:43,08/Jul/09 16:41,
Bug,HADOOP-107,12330750,"Namenode errors ""Failed to complete filename.crc  because dir.getFile()==null and null""",cutting,ibolotin,Major,Closed,Fixed,28/Mar/06 02:04,08/Jul/09 16:41,
Bug,HADOOP-102,12330638,Two identical consecutive loops in FSNamesystem.chooseTarget(),shv,shv,Major,Closed,Fixed,24/Mar/06 10:03,08/Jul/09 16:41,
Bug,HADOOP-100,12330609,Inconsistent locking of the JobTracker.taskTrackers field,omalley,omalley,Major,Closed,Fixed,24/Mar/06 01:08,08/Jul/09 16:51,
Bug,HADOOP-99,12330587,task trackers can only be assigned one task every heartbeat,omalley,omalley,Major,Closed,Fixed,23/Mar/06 16:30,08/Jul/09 16:51,
Bug,HADOOP-98,12330584,The JobTracker's count of the number of running maps and reduces is wrong,omalley,omalley,Major,Closed,Fixed,23/Mar/06 16:13,08/Jul/09 16:51,
Bug,HADOOP-97,12330521,DFSShell.cat returns NullPointerException if file does not exist,shv,shv,Major,Closed,Fixed,22/Mar/06 04:27,08/Jul/09 16:41,
Bug,HADOOP-93,12330397,allow minimum split size configurable,cutting,hairong,Major,Closed,Fixed,18/Mar/06 03:59,08/Jul/09 16:51,
Bug,HADOOP-92,12330368,Error Reporting/logging in MapReduce,mahadev,mahadev,Minor,Closed,Fixed,17/Mar/06 12:48,08/Jul/09 16:51,
Bug,HADOOP-90,12330364,DFS is succeptible to data loss in case of name node failure,shv,yarnon,Major,Closed,Fixed,17/Mar/06 10:49,08/Jul/09 16:41,
Bug,HADOOP-89,12330363,files are not visible until they are closed,dhruba,yarnon,Critical,Closed,Fixed,17/Mar/06 10:16,08/Jul/09 16:41,
Bug,HADOOP-86,12330345,"If corrupted map outputs, reducers get stuck fetching forever",cutting,stack,Major,Closed,Fixed,17/Mar/06 01:58,03/Aug/06 17:46,
Bug,HADOOP-84,12330298,client should report file name in which IO exception occurs,shv,yarnon,Minor,Closed,Fixed,16/Mar/06 03:01,08/Jul/09 16:41,
Bug,HADOOP-83,12330297,infinite retries accessing a missing block,shv,yarnon,Major,Closed,Fixed,16/Mar/06 02:59,08/Jul/09 16:41,
Bug,HADOOP-82,12330291,JobTracker loses it: NoSuchElementException,,stack,Minor,Closed,Fixed,16/Mar/06 01:15,03/Aug/06 17:46,
Bug,HADOOP-81,12330274,speculative execution is only controllable from the default config,omalley,omalley,Major,Closed,Fixed,15/Mar/06 15:26,08/Jul/09 16:51,
Bug,HADOOP-78,12330228,rpc commands not buffered,omalley,omalley,Major,Closed,Fixed,14/Mar/06 06:48,03/Aug/06 17:46,
Bug,HADOOP-77,12330200,hang / crash when input folder does not exists.,,joa23,Critical,Closed,Fixed,13/Mar/06 10:05,08/Jul/09 16:51,
Bug,HADOOP-71,12330009,The SequenceFileRecordReader uses the default FileSystem rather than the supplied one,omalley,omalley,Major,Closed,Fixed,09/Mar/06 08:18,08/Jul/09 16:51,
Bug,HADOOP-70,12330006,the two file system tests TestDFS and TestFileSystem take too long,omalley,omalley,Major,Closed,Fixed,09/Mar/06 07:30,08/Jul/09 16:41,
Bug,HADOOP-69,12329946,Unchecked lookup value causes NPE in FSNamesystemgetDatanodeHints,,bpendleton,Major,Closed,Fixed,08/Mar/06 08:51,08/Jul/09 16:41,
Bug,HADOOP-68,12329943,"""Cannot abandon block during write to <file>"" and ""Cannot obtain additional block for file <file>"" errors during dfs write test",omalley,omalley,Major,Closed,Fixed,08/Mar/06 08:11,08/Jul/09 16:41,
Bug,HADOOP-66,12329861,dfs client writes all data for a chunk to /tmp,cutting,sameerp,Major,Closed,Fixed,07/Mar/06 07:55,08/Jul/09 16:41,
Bug,HADOOP-63,12329704,problem with webapp when start a jobtracker,hairong,hairong,Minor,Closed,Fixed,03/Mar/06 10:38,08/Jul/09 16:51,
Bug,HADOOP-57,12329367,hadoop dfs -ls / does not show root of file system,,yarnon,Minor,Closed,Fixed,23/Feb/06 11:17,08/Jul/09 16:41,
Bug,HADOOP-52,12329293,mapred input and output dirs must be absolute,omalley,cutting,Major,Closed,Fixed,22/Feb/06 07:38,08/Jul/09 16:51,
Bug,HADOOP-50,12329291,dfs datanode should store blocks in multiple directories,milindb,cutting,Major,Closed,Fixed,22/Feb/06 07:25,08/Jul/09 16:41,
Bug,HADOOP-42,12329145,PositionCache decrements its position for reads at the end of file,,shv,Major,Closed,Fixed,18/Feb/06 09:58,03/Aug/06 17:46,
Bug,HADOOP-40,12329139,"bufferSize argument is ignored in FileSystem.create(File, boolean, int)",,shv,Minor,Closed,Fixed,18/Feb/06 07:43,03/Aug/06 17:46,
Bug,HADOOP-34,12328900,Build Paths Relative to PWD in build.xml,,jbensley,Trivial,Closed,Fixed,14/Feb/06 02:00,03/Aug/06 17:46,
Bug,HADOOP-28,12328724,webapps broken,,omalley,Major,Closed,Fixed,09/Feb/06 02:41,08/Jul/09 16:51,
Bug,HADOOP-27,12328676,MapRed tries to allocate tasks to nodes that have no available disk space,,michael_cafarella,Major,Closed,Fixed,08/Feb/06 03:07,08/Jul/09 16:51,
Bug,HADOOP-26,12328675,DFS node choice doesn't take available space into account effectively,michael_cafarella,michael_cafarella,Major,Closed,Fixed,08/Feb/06 03:05,08/Jul/09 16:41,
Bug,HADOOP-22,12328625,remove unused imports,,siren,Trivial,Closed,Fixed,07/Feb/06 04:33,03/Aug/06 17:46,
Bug,HADOOP-21,12328622,the webapps need to be updated for the move from nutch,,omalley,Minor,Closed,Fixed,07/Feb/06 04:12,08/Jul/09 16:51,
Bug,HADOOP-19,12317701,Datanode corruption,cutting,rbt,Critical,Closed,Fixed,07/Oct/05 11:46,08/Jul/09 16:41,
Bug,HADOOP-16,12328376,RPC call times out while indexing map task is computing splits,michael_cafarella,schmed,Major,Closed,Fixed,01/Feb/06 08:25,08/Jul/09 16:51,
Bug,HADOOP-12,12328268,InputFormat used in job must be in JobTracker classpath (not loaded from job JAR),,bpendleton,Minor,Closed,Fixed,31/Jan/06 07:00,08/Jul/09 16:51,
Bug,HADOOP-10,12317942,ndfs.replication is not documented within the nutch-default.xml configuration file.,,rbt,Trivial,Closed,Fixed,14/Oct/05 06:02,08/Jul/09 16:41,
Bug,HADOOP-9,12327698,mapred.local.dir  temp dir. space allocation limited by smallest area,asrabkin,pbaclace,Minor,Closed,Fixed,17/Jan/06 10:09,06/Nov/10 05:27,
Bug,HADOOP-7,12327927,MapReduce has a series of problems concerning task-allocation to worker nodes,,michael_cafarella,Major,Closed,Fixed,21/Jan/06 05:40,18/May/15 04:11,
Bug,HADOOP-6,12328620,missing build directory in classpath,,omalley,Minor,Closed,Fixed,07/Feb/06 03:19,03/Aug/06 17:46,
Bug,HADOOP-5,12328611,need commons-logging-api jar file,,omalley,Minor,Closed,Fixed,07/Feb/06 03:04,03/Aug/06 17:46,
Bug,HADOOP-3,12328546,Output directories are not cleaned up before the reduces run,omalley,omalley,Minor,Closed,Fixed,04/Feb/06 05:58,05/Dec/17 04:19,
Bug,HADOOP-2,12328545,Reused Keys and Values fail with a Combiner,omalley,omalley,Major,Closed,Fixed,04/Feb/06 05:54,11/Aug/15 07:18,
